<?xml version="1.0" encoding="UTF-8"?>
<metadata xml:lang="en"><Esri><CreaDate>20250911</CreaDate><CreaTime>10212600</CreaTime><ArcGISFormat>1.0</ArcGISFormat><SyncOnce>FALSE</SyncOnce><ModDate>20230524</ModDate><ModTime>11144900</ModTime><scaleRange><minScale>500000</minScale><maxScale>50000</maxScale></scaleRange><ArcGISProfile>ItemDescription</ArcGISProfile><DataProperties><itemProps><itemLocation><linkage Sync="TRUE">file://\\ICRAF-BGR00618N\D$\OneDrive - CIFOR-ICRAF\Documents\ArcGIS\Default.gdb</linkage><protocol Sync="TRUE">Local Area Network</protocol></itemLocation><itemName Sync="TRUE">NSDH_PENUTUPAN_LAHAN_SUMSEL_2</itemName><imsContentType Sync="TRUE">002</imsContentType><itemSize Sync="TRUE">0.000</itemSize><nativeExtBox><westBL Sync="TRUE">10572236.582300</westBL><eastBL Sync="TRUE">15698279.243600</eastBL><southBL Sync="TRUE">-1224817.085700</southBL><northBL Sync="TRUE">673232.404300</northBL><exTypeCode Sync="TRUE">1</exTypeCode></nativeExtBox></itemProps><coordRef><type Sync="TRUE">Geographic</type><geogcsn Sync="TRUE">GCS_WGS_1984</geogcsn><csUnits Sync="TRUE">Angular Unit: Degree (0.017453)</csUnits><peXml Sync="TRUE">&lt;GeographicCoordinateSystem xsi:type='typens:GeographicCoordinateSystem' xmlns:xsi='http://www.w3.org/2001/XMLSchema-instance' xmlns:xs='http://www.w3.org/2001/XMLSchema' xmlns:typens='http://www.esri.com/schemas/ArcGIS/10.7'&gt;&lt;WKT&gt;GEOGCS[&amp;quot;GCS_WGS_1984&amp;quot;,DATUM[&amp;quot;D_WGS_1984&amp;quot;,SPHEROID[&amp;quot;WGS_1984&amp;quot;,6378137.0,298.257223563]],PRIMEM[&amp;quot;Greenwich&amp;quot;,0.0],UNIT[&amp;quot;Degree&amp;quot;,0.0174532925199433],AUTHORITY[&amp;quot;EPSG&amp;quot;,4326]]&lt;/WKT&gt;&lt;XOrigin&gt;-400&lt;/XOrigin&gt;&lt;YOrigin&gt;-400&lt;/YOrigin&gt;&lt;XYScale&gt;1111948722.2222221&lt;/XYScale&gt;&lt;ZOrigin&gt;-100000&lt;/ZOrigin&gt;&lt;ZScale&gt;10000&lt;/ZScale&gt;&lt;MOrigin&gt;-100000&lt;/MOrigin&gt;&lt;MScale&gt;10000&lt;/MScale&gt;&lt;XYTolerance&gt;8.983152841195215e-09&lt;/XYTolerance&gt;&lt;ZTolerance&gt;0.001&lt;/ZTolerance&gt;&lt;MTolerance&gt;0.001&lt;/MTolerance&gt;&lt;HighPrecision&gt;true&lt;/HighPrecision&gt;&lt;LeftLongitude&gt;-180&lt;/LeftLongitude&gt;&lt;WKID&gt;4326&lt;/WKID&gt;&lt;LatestWKID&gt;4326&lt;/LatestWKID&gt;&lt;/GeographicCoordinateSystem&gt;</peXml></coordRef><lineage><Process ToolSource="c:\program files (x86)\arcgis\desktop10.5\ArcToolbox\Toolboxes\Analysis Tools.tbx\Identity" Date="20191014" Time="141918" Name="" export="">Identity RBI PL_KAWASAN_TANPA_AIR_DAN_APL "E:\MAGANG\NSDH\identity PL dan RBI\PL_KAWASAN_TANPA_AIR_DAN_APL_RBI.shp" ALL # NO_RELATIONSHIPS</Process><Process ToolSource="c:\program files (x86)\arcgis\desktop10.3\ArcToolbox\Toolboxes\Data Management Tools.tbx\CalculateField" Date="20200514" Time="034732">CalculateField nsdh_2019 Kode_Prov [k_prop] VB #</Process><Process ToolSource="c:\program files (x86)\arcgis\desktop10.3\ArcToolbox\Toolboxes\Data Management Tools.tbx\CalculateField" Date="20200514" Time="035236">CalculateField nsdh_2019 Id_PL_Perubahan [id_pl_peru] VB #</Process><Process ToolSource="c:\program files (x86)\arcgis\desktop10.3\ArcToolbox\Toolboxes\Data Management Tools.tbx\CalculateField" Date="20200514" Time="035456">CalculateField nsdh_2019 PL_Perubahan [PL_PERUBAH] VB #</Process><Process ToolSource="c:\program files (x86)\arcgis\desktop10.3\ArcToolbox\Toolboxes\Data Management Tools.tbx\CalculateField" Date="20200514" Time="035636">CalculateField nsdh_2019 PL_Perubahan [PL_PERUBAH] VB #</Process><Process ToolSource="c:\program files (x86)\arcgis\desktop10.3\ArcToolbox\Toolboxes\Data Management Tools.tbx\CalculateField" Date="20200514" Time="042206">CalculateField nsdh_2019 Keterangan_1 [KETERANGAN] VB #</Process><Process ToolSource="c:\program files (x86)\arcgis\desktop10.3\ArcToolbox\Toolboxes\Data Management Tools.tbx\CalculateField" Date="20200514" Time="042323">CalculateField nsdh_2019 Keterangan [Keterangan_1] VB #</Process><Process ToolSource="c:\program files (x86)\arcgis\desktop10.8\ArcToolbox\Toolboxes\Analysis Tools.tbx\SpatialJoin" Date="20200630" Time="143646">SpatialJoin NSDH_TUPLAH_AR_250K KELOMPOK_PULAU "F:\Data 2020\Tema_Kamusdata\DATA_MAPSERVICE_.gdb\NSDH_TUPLAH_AR_250K" JOIN_ONE_TO_ONE KEEP_ALL "PL_Awal "PL_Awal" true true false 4 Long 0 0 ,First,#,NSDH_TUPLAH_AR_250K,PL_Awal,-1,-1;PL_Akhir "PL_Akhir" true true false 4 Long 0 0 ,First,#,NSDH_TUPLAH_AR_250K,PL_Akhir,-1,-1;Kode_Prov "Kode_Prov" true true false 2 Short 0 0 ,First,#,NSDH_TUPLAH_AR_250K,Kode_Prov,-1,-1;Id_PL_Perubahan "Id_PL_Perubahan" true true false 8 Double 0 0 ,First,#,NSDH_TUPLAH_AR_250K,Id_PL_Perubahan,-1,-1;PL_Perubahan "PL_Perubahan" true true false 100 Text 0 0 ,First,#,NSDH_TUPLAH_AR_250K,PL_Perubahan,-1,-1;Keterangan "Keterangan" true true false 50 Text 0 0 ,First,#,NSDH_TUPLAH_AR_250K,Keterangan,-1,-1;KODE_PULAU "KODE_PULAU" true true false 2 Short 0 0 ,First,#,KELOMPOK_PULAU,KODE_PULAU,-1,-1;PULAU "PULAU" true true false 20 Text 0 0 ,First,#,KELOMPOK_PULAU,PULAU,-1,-1" INTERSECT # #</Process><Process ToolSource="c:\program files (x86)\arcgis\desktop10.8\ArcToolbox\Toolboxes\Conversion Tools.tbx\FeatureClassToFeatureClass" Date="20200630" Time="151142">FeatureClassToFeatureClass "F:\Data 2020\Tema_Kamusdata\DATA_MAPSERVICE_.gdb\NSDH_TUPLAH_AR_250Kaa" "F:\Data 2020\Tema_Kamusdata\DATA_MAPSERVICE_.gdb\A_Sumber_Daya_Hutan" NSDH_TUPLAH_AR_250K # "PL_Awal "PL_Awal" true true false 4 Long 0 0 ,First,#,F:\Data 2020\Tema_Kamusdata\DATA_MAPSERVICE_.gdb\NSDH_TUPLAH_AR_250Kaa,PL_Awal,-1,-1;PL_Akhir "PL_Akhir" true true false 4 Long 0 0 ,First,#,F:\Data 2020\Tema_Kamusdata\DATA_MAPSERVICE_.gdb\NSDH_TUPLAH_AR_250Kaa,PL_Akhir,-1,-1;Kode_Prov "Kode_Prov" true true false 2 Short 0 0 ,First,#,F:\Data 2020\Tema_Kamusdata\DATA_MAPSERVICE_.gdb\NSDH_TUPLAH_AR_250Kaa,Kode_Prov,-1,-1;Id_PL_Perubahan "Id_PL_Perubahan" true true false 8 Double 0 0 ,First,#,F:\Data 2020\Tema_Kamusdata\DATA_MAPSERVICE_.gdb\NSDH_TUPLAH_AR_250Kaa,Id_PL_Perubahan,-1,-1;PL_Perubahan "PL_Perubahan" true true false 100 Text 0 0 ,First,#,F:\Data 2020\Tema_Kamusdata\DATA_MAPSERVICE_.gdb\NSDH_TUPLAH_AR_250Kaa,PL_Perubahan,-1,-1;Keterangan "Keterangan" true true false 50 Text 0 0 ,First,#,F:\Data 2020\Tema_Kamusdata\DATA_MAPSERVICE_.gdb\NSDH_TUPLAH_AR_250Kaa,Keterangan,-1,-1;KODE_PULAU "KODE_PULAU" true true false 2 Short 0 0 ,First,#,F:\Data 2020\Tema_Kamusdata\DATA_MAPSERVICE_.gdb\NSDH_TUPLAH_AR_250Kaa,KODE_PULAU,-1,-1;PULAU "PULAU" true true false 20 Text 0 0 ,First,#,F:\Data 2020\Tema_Kamusdata\DATA_MAPSERVICE_.gdb\NSDH_TUPLAH_AR_250Kaa,PULAU,-1,-1" #</Process><Process ToolSource="c:\program files (x86)\arcgis\desktop10.8\ArcToolbox\Toolboxes\Analysis Tools.tbx\Clip" Date="20220311" Time="112247">Clip NSDH_Penutupan_Lahan SUMSEL "D:\Kerjaan 2022\Permintaan Data\Dinas LH Provinsi Sumsel\NSDH_PENUTUPAN_LAHAN_SUMSEL.shp" #</Process><Process ToolSource="c:\program files (x86)\arcgis\desktop10.8\ArcToolbox\Toolboxes\Data Management Tools.tbx\Dissolve" Date="20230524" Time="111349">Dissolve NSDH_PENUTUPAN_LAHAN_SUMSEL "D:\OneDrive - CIFOR-ICRAF\Documents\ArcGIS\Default.gdb\NSDH_PENUTUPAN_LAHAN_SUMSEL_" Kode_Prov # MULTI_PART DISSOLVE_LINES</Process><Process ToolSource="c:\program files (x86)\arcgis\desktop10.8\ArcToolbox\Toolboxes\Data Management Tools.tbx\CalculateField" Date="20230524" Time="111441">CalculateField NSDH_PENUTUPAN_LAHAN_SUMSEL_ Nama 1 VB #</Process><Process ToolSource="c:\program files (x86)\arcgis\desktop10.8\ArcToolbox\Toolboxes\Data Management Tools.tbx\Dissolve" Date="20230524" Time="111452">Dissolve NSDH_PENUTUPAN_LAHAN_SUMSEL_ "D:\OneDrive - CIFOR-ICRAF\Documents\ArcGIS\Default.gdb\NSDH_PENUTUPAN_LAHAN_SUMSEL_2" Nama # MULTI_PART DISSOLVE_LINES</Process></lineage></DataProperties><SyncDate>20230524</SyncDate><SyncTime>11144900</SyncTime><ArcGISstyle>ISO 19139 Metadata Implementation Specification GML3.2</ArcGISstyle></Esri><dataIdInfo><idCitation><resTitle>Administrasi_AR</resTitle><presForm><PresFormCd value="005" Sync="TRUE"/></presForm></idCitation><envirDesc Sync="TRUE"> Version 6.2 (Build 9200) ; Esri ArcGIS 10.8.0.12790</envirDesc><dataLang><languageCode value="eng" Sync="TRUE"/><countryCode value="IDN" Sync="TRUE"/></dataLang><spatRpType><SpatRepTypCd value="001" Sync="TRUE"/></spatRpType><dataExt><vertEle><vertMinVal Sync="TRUE">0.000000</vertMinVal><vertMaxVal Sync="TRUE">0.000000</vertMaxVal></vertEle></dataExt><dataExt><geoEle xmlns=""><GeoBndBox esriExtentType="search"><exTypeCode Sync="TRUE">1</exTypeCode><westBL Sync="TRUE">94.972017</westBL><eastBL Sync="TRUE">141.020042</eastBL><northBL Sync="TRUE">6.076930</northBL><southBL Sync="TRUE">-11.007615</southBL></GeoBndBox></geoEle></dataExt></dataIdInfo><mdLang><languageCode value="eng" Sync="TRUE"/><countryCode value="IDN" Sync="TRUE"/></mdLang><distInfo><distFormat><formatName Sync="TRUE">File Geodatabase Feature Class</formatName></distFormat><distTranOps><transSize Sync="TRUE">0.000</transSize></distTranOps></distInfo><mdHrLv><ScopeCd value="005" Sync="TRUE"/></mdHrLv><mdHrLvName Sync="TRUE">dataset</mdHrLvName><refSysInfo><RefSystem><refSysID><identCode code="4326" Sync="TRUE"/><idCodeSpace Sync="TRUE">EPSG</idCodeSpace><idVersion Sync="TRUE">6.14(3.0.1)</idVersion></refSysID></RefSystem></refSysInfo><spatRepInfo><VectSpatRep><geometObjs Name="NSDH_PENUTUPAN_LAHAN_SUMSEL_2"><geoObjTyp><GeoObjTypCd value="002" Sync="TRUE"></GeoObjTypCd></geoObjTyp><geoObjCnt Sync="TRUE">0</geoObjCnt></geometObjs><topLvl><TopoLevCd value="001" Sync="TRUE"></TopoLevCd></topLvl></VectSpatRep></spatRepInfo><spdoinfo><ptvctinf><esriterm Name="NSDH_PENUTUPAN_LAHAN_SUMSEL_2"><efeatyp Sync="TRUE">Simple</efeatyp><efeageom code="4" Sync="TRUE"></efeageom><esritopo Sync="TRUE">FALSE</esritopo><efeacnt Sync="TRUE">0</efeacnt><spindex Sync="TRUE">TRUE</spindex><linrefer Sync="TRUE">TRUE</linrefer></esriterm></ptvctinf></spdoinfo><eainfo><detailed Name="NSDH_PENUTUPAN_LAHAN_SUMSEL_2"><enttyp><enttypl Sync="TRUE">NSDH_PENUTUPAN_LAHAN_SUMSEL_2</enttypl><enttypt Sync="TRUE">Feature Class</enttypt><enttypc Sync="TRUE">0</enttypc></enttyp><attr><attrlabl Sync="TRUE">OBJECTID</attrlabl><attalias Sync="TRUE">FID</attalias><attrtype Sync="TRUE">OID</attrtype><attwidth Sync="TRUE">4</attwidth><atprecis Sync="TRUE">0</atprecis><attscale Sync="TRUE">0</attscale><attrdef Sync="TRUE">Internal feature number.</attrdef><attrdefs Sync="TRUE">Esri</attrdefs><attrdomv><udom Sync="TRUE">Sequential unique whole numbers that are automatically generated.</udom></attrdomv></attr><attr><attrlabl Sync="TRUE">Shape</attrlabl><attalias Sync="TRUE">Shape</attalias><attrtype Sync="TRUE">Geometry</attrtype><attwidth Sync="TRUE">0</attwidth><atprecis Sync="TRUE">0</atprecis><attscale Sync="TRUE">0</attscale><attrdef Sync="TRUE">Feature geometry.</attrdef><attrdefs Sync="TRUE">Esri</attrdefs><attrdomv><udom Sync="TRUE">Coordinates defining the features.</udom></attrdomv></attr><attr><attrlabl Sync="TRUE">Nama</attrlabl><attalias Sync="TRUE">Nama</attalias><attrtype Sync="TRUE">SmallInteger</attrtype><attwidth Sync="TRUE">2</attwidth><atprecis Sync="TRUE">0</atprecis><attscale Sync="TRUE">0</attscale></attr><attr><attrlabl Sync="TRUE">SHAPE_Area</attrlabl><attalias Sync="TRUE">Shape_Area</attalias><attrtype Sync="TRUE">Double</attrtype><attwidth Sync="TRUE">8</attwidth><atprecis Sync="TRUE">0</atprecis><attscale Sync="TRUE">0</attscale><attrdef Sync="TRUE">Area of feature in internal units squared.</attrdef><attrdefs Sync="TRUE">Esri</attrdefs><attrdomv><udom Sync="TRUE">Positive real numbers that are automatically generated.</udom></attrdomv></attr><attr><attrlabl Sync="TRUE">Shape_Length</attrlabl><attalias Sync="TRUE">Shape_Length</attalias><attrtype Sync="TRUE">Double</attrtype><attwidth Sync="TRUE">8</attwidth><atprecis Sync="TRUE">0</atprecis><attscale Sync="TRUE">0</attscale><attrdef Sync="TRUE">Length of feature in internal units.</attrdef><attrdefs Sync="TRUE">Esri</attrdefs><attrdomv><udom Sync="TRUE">Positive real numbers that are automatically generated.</udom></attrdomv></attr></detailed></eainfo><mdDateSt Sync="TRUE">20230524</mdDateSt></metadata>
